content,category
老师，您的耐心是我见过最好的教育。,感恩
您批改作业的认真，我们其实都看在眼里。,感恩
感谢您在我最调皮的时候也没有放弃我。,感恩
谢谢您把最难的知识讲得那么简单。,感恩
您的信任让我第一次觉得自己可以做到。,感恩
您教的第一个公式，我现在还记得。,青春
那次春游您和我们一起疯，全班都忘不了。,青春
毕业多年以后，我还是会想起您的口头禅。,青春
操场上您和我们一起跑的最后一圈，是最快的。,青春
您写在黑板上的一句话，改变了我的整个学期。,青春
愿您每天都能准时下班，睡个好觉。,祝愿
愿您的嗓子永远清亮，粉笔灰永远绕道走。,祝愿
愿您教的学生一届比一届让您省心。,祝愿
愿您的生活里，惊喜比作业本还厚。,祝愿
愿您偶尔也能被学生照顾一次。,祝愿
您笑起来的样子，比讲台上的样子更让人安心。,温暖
天气冷的时候，您提醒我们加衣服，我们都记得。,温暖
您的办公桌上总有一盒润喉糖，却分给了我们。,温暖
您记得每个学生的生日，我们记得您的每一次好。,温暖
您的那句没关系，拯救过我很多次。,温暖
您把光阴折成粉笔，把希望写满黑板。,文艺
讲台三尺，装得下整个春天。,文艺
您的眼睛里有星辰，照亮过我的深夜。,文艺
粉笔灰落下的地方，开出了我们的未来。,文艺
您用半生烟火，点亮了我们一程山水。,文艺
老师，您知道吗？全班都在偷偷模仿您的板书。,趣味
您的作业评语，比小说还好看。,趣味
听说您上次差点把手机当粉笔写黑板，真的吗？,趣味
您说再讲两分钟，我们等了一个世纪。,趣味
您一进门，全班瞬间安静——这大概就是气场吧。,趣味
谢谢您，让我成为了更好的自己。,
愿您桃李满园，春晖四方。,
您是我求学路上最亮的灯塔。,
三年教诲，一生受益。,
感谢您陪我走过最迷茫的那段日子。,
您把青春给了讲台，把希望给了我们。,
此去经年，师恩永记。,
您教会我的不止是答案，还有寻找答案的勇气。,
谢谢您当年的不放弃。,
愿您的每一天都像教师节一样被温柔以待。,
